{
    "interactionModel": {
        "languageModel": {
            "invocationName": "happy or sad",
            "intents": [
                {
                    "name": "AMAZON.CancelIntent",
                    "samples": []
                },
                {
                    "name": "AMAZON.HelpIntent",
                    "samples": []
                },
                {
                    "name": "AMAZON.StopIntent",
                    "samples": []
                },
                {
                    "name": "AMAZON.NavigateHomeIntent",
                    "samples": []
                },
                {
                    "name": "DayIntent",
                    "slots": [
                        {
                            "name": "experience",
                            "type": "day"
                        }
                    ],
                    "samples": [
                        "my day was {experience}",
                        "i had an {experience} day",
                        "it was an {experience} day",
                        "it was a {experience} day",
                        "i had a {experience} day"
                    ]
                },
                {
                    "name": "SuperheroIntent",
                    "slots": [
                        {
                            "name": "superhero",
                            "type": "superhero"
                        }
                    ],
                    "samples": [
                        "i like {superhero}",
                        "i am a {superhero} fan",
                        "i love {superhero} ",
                        "i am a fan of {superhero}",
                        "i am an {superhero} fan",
                        "{superhero} is my favorite",
                        "{superhero} is my favorite superhero",
                        "{superhero} ",
                        "my favorite superhero is {superhero}"
                    ]
                }
            ],
            "types": [
                {
                    "name": "day",
                    "values": [
                        {
                            "name": {
                                "value": "bad",
                                "synonyms": [
                                    "horrible",
                                    "hectic",
                                    "not so good",
                                    "tiring",
                                    "not got at all",
                                    "worst",
                                    "bad one",
                                    "unfortunate",
                                    "unpleasent",
                                    "dreadful",
                                    "awful",
                                    "terrible",
                                    "boring",
                                    "so bad",
                                    "below average"
                                ]
                            }
                        },
                        {
                            "name": {
                                "value": "good",
                                "synonyms": [
                                    "amazing",
                                    "wonderful",
                                    "fantastic",
                                    "splendid",
                                    "awesome",
                                    "best",
                                    "pleasent",
                                    "nice",
                                    "top notch",
                                    "good one",
                                    "pretty good",
                                    "terrific",
                                    "too good",
                                    "so good",
                                    "much better",
                                    "decent",
                                    "superb",
                                    "excellent"
                                ]
                            }
                        }
                    ]
                },
                {
                    "name": "superhero",
                    "values": [
                        {
                            "name": {
                                "value": "dc",
                                "synonyms": [
                                    "DC",
                                    "catwoman",
                                    "cat woman",
                                    "shazam",
                                    "aquaman",
                                    "aqua man",
                                    "green arrow",
                                    "green lantern",
                                    "bat man",
                                    "batman",
                                    "robin",
                                    "bat girl",
                                    "john constantine",
                                    "constantine",
                                    "the flash",
                                    "flash",
                                    "super girl",
                                    "hawk girl",
                                    "wonder women",
                                    "wonder woman",
                                    "cyborg",
                                    "superman",
                                    "super man"
                                ]
                            }
                        },
                        {
                            "name": {
                                "value": "marvel",
                                "synonyms": [
                                    "wasp",
                                    "vision",
                                    "quick silver",
                                    "Scarlet Witch",
                                    "hawkeye",
                                    "hawk eye",
                                    "bucky barnes",
                                    "bucky",
                                    "professor X",
                                    "night crawler",
                                    "nick fury",
                                    "mr fantastic",
                                    "cyclops",
                                    "silver surfer",
                                    "punisher",
                                    "daredevil",
                                    "dare devil",
                                    "thor",
                                    "falcon",
                                    "groot",
                                    "black widow",
                                    "doctor strange",
                                    "hulk",
                                    "luke cage",
                                    "wolverine",
                                    "captain marvel",
                                    "antman",
                                    "ant man",
                                    "jessica jones",
                                    "captain america",
                                    "dead pool",
                                    "deadpool",
                                    "black panther",
                                    "ironman",
                                    "iron man",
                                    "spiderman",
                                    "spider man"
                                ]
                            }
                        }
                    ]
                }
            ]
        }
    }
}